,SAMPLE_ID,식품코드,식품명,식품대분류,식품상세분류
0,D000006-94-AVG,D000006,꿩불고기,구이류,육류구이
1,D000007-ZZ-AVG,D000007,닭갈비,구이류,육류구이
3,D000009-ZZ-AVG,D000009,닭꼬치,구이류,육류구이
4,D000010-ZZ-AVG,D000010,더덕구이,구이류,채소류구이
5,D000012-95-AVG,D000012,돼지갈비,구이류,육류구이
6,D000016-96-AVG,D000016,불고기,구이류,육류구이
7,D000017-05-AVG,D000017,붕장어소금구이,구이류,어패류구이
8,D000020-ZZ-AVG,D000020,소양념갈비구이,구이류,육류구이
9,D000021-97-AVG,D000021,양념왕갈비,구이류,육류구이
10,D000022-ZZ-AVG,D000022,양념장어구이,구이류,어패류구이
11,D000023-ZZ-AVG,D000023,임연수구이,구이류,어패류구이
12,D000025-ZZ-AVG,D000025,햄버그스테이크,구이류,육류구이
13,D000026-ZZ-AVG,D000026,황태구이,구이류,어패류구이
14,D000027-ZZ-AVG,D000027,훈제오리,구이류,육류구이
15,D000028-68-AVG,D000028,게국지,국 및 탕류,어패류국.탕
16,D000029-98-AVG,D000029,곰치국,국 및 탕류,어패류국.탕
17,D000030-ZZ-AVG,D000030,굴국밥,국 및 탕류,어패류국.탕
18,D000032-ZZ-AVG,D000032,김치국,국 및 탕류,채소류국.탕
19,D000036-ZZ-AVG,D000036,떡만둣국,국 및 탕류,기타 국류
20,D000037-ZZ-AVG,D000037,만둣국,국 및 탕류,기타 국류
21,D000038-ZZ-AVG,D000038,맑은감자국,국 및 탕류,채소류국.탕
22,D000039-99-AVG,D000039,매생이국,국 및 탕류,어패류국.탕
23,D000040-ZZ-AVG,D000040,무된장국,국 및 탕류,채소류국.탕
24,D000041-ZZ-AVG,D000041,미소된장국,국 및 탕류,채소류국.탕
25,D000044-ZZ-AVG,D000044,바지락조개국,국 및 탕류,어패류국.탕
26,D000046-ZZ-AVG,D000046,뼈다귀해장국,국 및 탕류,육류국.탕
27,D000047-ZZ-AVG,D000047,선지해장국,국 및 탕류,육류국.탕
28,D000049-ZZ-AVG,D000049,소고기무국,국 및 탕류,육류국.탕
29,D000054-ZZ-AVG,D000054,시래기된장국,국 및 탕류,채소류국.탕
30,D000060-101-AVG,D000060,올갱이국,국 및 탕류,어패류국.탕
31,D000062-ZZ-AVG,D000062,우거지해장국,국 및 탕류,채소류국.탕
32,D000063-ZZ-AVG,D000063,우렁된장국,국 및 탕류,어패류국.탕
33,D000066-ZZ-AVG,D000066,홍합미역국,국 및 탕류,어패류국.탕
34,D000067-ZZ-AVG,D000067,황태해장국,국 및 탕류,어패류국.탕
35,D000068-ZZ-AVG,D000068,고추잡채,볶음류,기타 볶음류
36,D000070-ZZ-AVG,D000070,난자완스,볶음류,육류볶음
37,D000071-26-AVG,D000071,도토리묵말이,기타,기타
38,D000072-ZZ-AVG,D000072,라조기,튀김류,육류튀김
39,D000074-72-AVG,D000074,물회,회류,회류
40,D000075-ZZ-AVG,D000075,생선물회,회류,회류
41,D000076-ZZ-AVG,D000076,소고기샤브샤브,찌개 및 전골류,육류찌개.전골
42,D000079-39-AVG,D000079,오징어순대,찜류,어패류찜
43,D000081-01-AVG,D000081,초당순두부,국 및 탕류,채소류국.탕
44,D000085-ZZ-AVG,D000085,해파리냉채,생채및 무침류,어패류무침
45,D000087-ZZ-AVG,D000087,고들빼기,김치류,김치
46,D000097-ZZ-AVG,D000097,열무얼갈이김치,김치류,김치
47,D000105-ZZ-AVG,D000105,미나리나물,숙채류,나물.숙채류
48,D000109-ZZ-AVG,D000109,취나물,숙채류,나물.숙채류
49,D000112-ZZ-AVG,D000112,경단(깨),곡류 및 서류,떡류
50,D000113-ZZ-AVG,D000113,경단(콩),곡류 및 서류,떡류
51,D000114-ZZ-AVG,D000114,기피편,곡류 및 서류,떡류
52,D000116-ZZ-AVG,D000116,녹두시루떡,곡류 및 서류,떡류
53,D000117-ZZ-AVG,D000117,메밀전병,곡류 및 서류,곡류 및 서류
54,D000119-ZZ-AVG,D000119,무지개떡,곡류 및 서류,떡류
55,D000121-ZZ-AVG,D000121,송편(깨),곡류 및 서류,떡류
56,D000122-ZZ-AVG,D000122,송편(콩),곡류 및 서류,떡류
57,D000123-ZZ-AVG,D000123,수수부꾸미,곡류 및 서류,곡류 및 서류
58,D000124-ZZ-AVG,D000124,수수팥떡,곡류 및 서류,떡류
59,D000125-ZZ-AVG,D000125,시루떡,곡류 및 서류,떡류
60,D000126-ZZ-AVG,D000126,쑥떡,곡류 및 서류,떡류
61,D000129-ZZ-AVG,D000129,절편,곡류 및 서류,떡류
62,D000131-ZZ-AVG,D000131,찹쌀떡,곡류 및 서류,떡류
63,D000136-ZZ-AVG,D000136,간자장,면 및 만두류,중식면류
64,D000137-ZZ-AVG,D000137,굴짬뽕,면 및 만두류,중식면류
65,D000138-ZZ-AVG,D000138,기스면,면 및 만두류,중식면류
66,D000139-ZZ-AVG,D000139,김치라면,면 및 만두류,라면류
67,D000140-ZZ-AVG,D000140,김치우동,면 및 만두류,중식면류
68,D000141-ZZ-AVG,D000141,냉김치말이국수,면 및 만두류,국수류
69,D000142-ZZ-AVG,D000142,닭칼국수,면 및 만두류,국수류
70,D000143-ZZ-AVG,D000143,둘깨칼국수,면 및 만두류,국수류
71,D000147-102-AVG,D000147,막국수,면 및 만두류,국수류
72,D000152-ZZ-AVG,D000152,삼선우동,면 및 만두류,중식면류
73,D000153-ZZ-AVG,D000153,삼선자장면,면 및 만두류,중식면류
74,D000154-ZZ-AVG,D000154,삼선짬뽕,면 및 만두류,중식면류
75,D000156-ZZ-AVG,D000156,쌀국수,면 및 만두류,국수류
76,D000157-ZZ-AVG,D000157,열무김치국수,면 및 만두류,국수류
77,D000158-ZZ-AVG,D000158,열무냉면,면 및 만두류,중식면류
78,D000159-ZZ-AVG,D000159,오일소스스파게티,면 및 만두류,스파게티류
79,D000160-103-AVG,D000160,올갱이국수,면 및 만두류,국수류
80,D000161-ZZ-AVG,D000161,우동(일식),면 및 만두류,중식면류
81,D000162-ZZ-AVG,D000162,우동(중식),면 및 만두류,중식면류
82,D000163-ZZ-AVG,D000163,울면,면 및 만두류,중식면류
83,D000164-ZZ-AVG,D000164,자장면,면 및 만두류,중식면류
84,D000167-ZZ-AVG,D000167,짬뽕라면,면 및 만두류,라면류
85,D000169-ZZ-AVG,D000169,치즈라면,면 및 만두류,라면류
86,D000171-ZZ-AVG,D000171,크림소스스파게티,면 및 만두류,스파게티류
87,D000172-ZZ-AVG,D000172,토마토소스스파게티,면 및 만두류,스파게티류
88,D000173-ZZ-AVG,D000173,해물칼국수,면 및 만두류,국수류
89,D000174-ZZ-AVG,D000174,해물크림소스스파게티,면 및 만두류,스파게티류
90,D000175-ZZ-AVG,D000175,해물토마토소스스파게티,면 및 만두류,스파게티류
91,D000178-ZZ-AVG,D000178,골뱅이무침,생채및 무침류,어패류무침
92,D000180-ZZ-AVG,D000180,노각무침,생채및 무침류,나물.채소류무침
93,D000181-ZZ-AVG,D000181,단무지무침,생채및 무침류,나물.채소류무침
94,D000182-ZZ-AVG,D000182,달래나물무침,생채및 무침류,나물.채소류무침
95,D000183-ZZ-AVG,D000183,더덕무침,생채및 무침류,나물.채소류무침
96,D000185-ZZ-AVG,D000185,도토리묵,기타,기타
97,D000190-55-AVG,D000190,밴댕이무침,생채및 무침류,어패류무침
98,D000194-45-AVG,D000194,서대회무침,생채및 무침류,어패류무침
99,D000195-ZZ-AVG,D000195,쑥갓나물무침,생채및 무침류,나물.채소류무침
100,D000200-ZZ-AVG,D000200,쥐치채,생채및 무침류,어패류무침
101,D000201-ZZ-AVG,D000201,청포묵무침,생채및 무침류,기타 생채.무침류
102,D000202-ZZ-AVG,D000202,탕평채,생채및 무침류,기타 생채.무침류
103,D000205-ZZ-AVG,D000205,홍어무침,생채및 무침류,어패류무침
104,D000206-ZZ-AVG,D000206,고추장불고기 삼각김밥,밥류,김밥(초밥)류
105,D000207-103-AVG,D000207,곤드레나물밥,밥류,기타 밥류
106,D000208-104-AVG,D000208,국밥,밥류,기타 밥류
107,D000212-ZZ-AVG,D000212,농어초밥,밥류,김밥(초밥)류
108,D000213-105-AVG,D000213,돼지국밥,밥류,기타 밥류
109,D000214-ZZ-AVG,D000214,류산슬덮밥,밥류,덮밥류
110,D000215-02-AVG,D000215,멍게비빔밥,밥류,비빔밥류
111,D000216-ZZ-AVG,D000216,멸치주먹밥,밥류,김밥(초밥)류
112,D000217-106-AVG,D000217,묵밥,밥류,기타 밥류
113,D000218-ZZ-AVG,D000218,문어초밥,밥류,김밥(초밥)류
114,D000222-107-AVG,D000222,비빔밥,밥류,비빔밥류
115,D000223-ZZ-AVG,D000223,삼선볶음밥,밥류,볶음밥류
116,D000225-ZZ-AVG,D000225,새우초밥,밥류,김밥(초밥)류
117,D000226-ZZ-AVG,D000226,새우튀김롤,밥류,김밥(초밥)류
118,D000227-ZZ-AVG,D000227,샐러드김밥,밥류,김밥(초밥)류
119,D000228-ZZ-AVG,D000228,생선초밥(광어),밥류,김밥(초밥)류
120,D000229-ZZ-AVG,D000229,생선초밥(모듬),밥류,김밥(초밥)류
121,D000230-ZZ-AVG,D000230,소고기국밥,밥류,기타 밥류
122,D000231-ZZ-AVG,D000231,소고기김밥,밥류,김밥(초밥)류
123,D000232-ZZ-AVG,D000232,송이덮밥,밥류,덮밥류
124,D000233-ZZ-AVG,D000233,숯불갈비 삼각김밥,밥류,김밥(초밥)류
125,D000235-117-AVG,D000235,약초비빔밥,밥류,비빔밥류
126,D000236-ZZ-AVG,D000236,연어롤,밥류,김밥(초밥)류
127,D000237-ZZ-AVG,D000237,연어초밥,밥류,김밥(초밥)류
128,D000238-ZZ-AVG,D000238,오곡밥,밥류,쌀밥.잡곡밥류
129,D000243-ZZ-AVG,D000243,자장밥,밥류,덮밥류
130,D000245-ZZ-AVG,D000245,잡탕밥,밥류,덮밥류
131,D000246-ZZ-AVG,D000246,장어덮밥,밥류,덮밥류
132,D000247-ZZ-AVG,D000247,장어초밥,밥류,김밥(초밥)류
133,D000251-ZZ-AVG,D000251,참치덮밥,밥류,덮밥류
134,D000252-ZZ-AVG,D000252,참치마요네즈 삼각김밥,밥류,김밥(초밥)류
135,D000253-ZZ-AVG,D000253,충무김밥,밥류,김밥(초밥)류
136,D000256-ZZ-AVG,D000256,캘리포니아롤,밥류,김밥(초밥)류
137,D000258-ZZ-AVG,D000258,한치초밥,밥류,김밥(초밥)류
138,D000259-ZZ-AVG,D000259,해물덮밥,밥류,덮밥류
139,D000260-ZZ-AVG,D000260,해물볶음밥,밥류,볶음밥류
140,D000261-ZZ-AVG,D000261,회덮밥,밥류,덮밥류
141,D000265-ZZ-AVG,D000265,깻잎나물볶음,볶음류,채소류볶음
142,D000268-ZZ-AVG,D000268,돼지고기볶음,볶음류,육류볶음
143,D000269-ZZ-AVG,D000269,돼지껍데기볶음,볶음류,육류볶음
144,D000270-ZZ-AVG,D000270,두부김치,볶음류,채소류볶음
145,D000273-ZZ-AVG,D000273,머위나물볶음,볶음류,채소류볶음
146,D000274-ZZ-AVG,D000274,멸치풋고추볶음,볶음류,어패류볶음
147,D000276-ZZ-AVG,D000276,소세지볶음,볶음류,육류볶음
148,D000277-ZZ-AVG,D000277,순대볶음,볶음류,육류볶음
149,D000278-ZZ-AVG,D000278,양송이버섯볶음,볶음류,채소류볶음
150,D000281-ZZ-AVG,D000281,오삼불고기,볶음류,육류볶음
151,D000285-ZZ-AVG,D000285,주꾸미볶음,볶음류,어패류볶음
152,D000286-ZZ-AVG,D000286,표고버섯볶음,볶음류,채소류볶음
153,D000287-ZZ-AVG,D000287,해물볶음,볶음류,어패류볶음
154,D000288-ZZ-AVG,D000288,곰보빵,빵류,기타 빵류
155,D000291-ZZ-AVG,D000291,만주,빵류,앙금빵류
156,D000294-ZZ-AVG,D000294,버터크림빵,빵류,크림빵류
157,D000297-ZZ-AVG,D000297,불고기피자,빵류,피자류
158,D000299-ZZ-AVG,D000299,참치샌드위치,빵류,샌드위치류
159,D000300-ZZ-AVG,D000300,찹쌀도우넛,빵류,도넛류
160,D000301-ZZ-AVG,D000301,채소고로케,빵류,기타 빵류
161,D000302-ZZ-AVG,D000302,초콜릿케이크,빵류,케이크류
162,D000303-ZZ-AVG,D000303,치즈케이크,빵류,케이크류
163,D000304-ZZ-AVG,D000304,치즈피자,빵류,피자류
164,D000308-ZZ-AVG,D000308,페이스트리빵,빵류,페이스트리류
165,D000309-ZZ-AVG,D000309,페퍼로니피자,빵류,피자류
166,D000310-ZZ-AVG,D000310,포테이토피자,빵류,피자류
167,D000313-ZZ-AVG,D000313,수정과,음료 및 차류,기타 음료류
168,D000314-ZZ-AVG,D000314,식혜,음료 및 차류,기타 음료류
169,D000316-ZZ-AVG,D000316,간장마늘쫑장아찌,장아찌 및 절임류,장아찌.절임류
170,D000317-ZZ-AVG,D000317,고추장마늘쫑장아찌,장아찌 및 절임류,장아찌.절임류
171,D000321-ZZ-AVG,D000321,매실장아찌,장아찌 및 절임류,장아찌.절임류
172,D000322-ZZ-AVG,D000322,무장아찌,장아찌 및 절임류,장아찌.절임류
173,D000327-ZZ-AVG,D000327,낙지꼬지,전.적 및 부침류,어패류전
174,D000329-ZZ-AVG,D000329,소고기산적,전.적 및 부침류,적류
175,D000330-ZZ-AVG,D000330,소라산적,전.적 및 부침류,적류
176,D000331-ZZ-AVG,D000331,오징어산적,전.적 및 부침류,적류
177,D000333-ZZ-AVG,D000333,홍합산적,전.적 및 부침류,적류
178,D000334-ZZ-AVG,D000334,가자미전,전.적 및 부침류,어패류전
179,D000336-ZZ-AVG,D000336,고추전,전.적 및 부침류,채소류전
180,D000337-ZZ-AVG,D000337,굴전,전.적 및 부침류,어패류전
181,D000339-ZZ-AVG,D000339,깻잎전,전.적 및 부침류,채소류전
182,D000340-ZZ-AVG,D000340,녹두빈대떡,전.적 및 부침류,부침류
183,D000342-ZZ-AVG,D000342,동그랑땡(육원전),전.적 및 부침류,육류전
184,D000343-ZZ-AVG,D000343,동태전,전.적 및 부침류,어패류전
185,D000345-ZZ-AVG,D000345,두부전,전.적 및 부침류,채소류전
186,D000346-ZZ-AVG,D000346,미나리전,전.적 및 부침류,채소류전
187,D000347-ZZ-AVG,D000347,배추전,전.적 및 부침류,채소류전
188,D000348-ZZ-AVG,D000348,버섯전,전.적 및 부침류,채소류전
189,D000350-ZZ-AVG,D000350,야채전,전.적 및 부침류,채소류전
190,D000351-ZZ-AVG,D000351,파전,전.적 및 부침류,채소류전
191,D000353-ZZ-AVG,D000353,햄부침,전.적 및 부침류,육류전
192,D000354-ZZ-AVG,D000354,호박부침개,전.적 및 부침류,채소류전
193,D000355-ZZ-AVG,D000355,호박전,전.적 및 부침류,채소류전
194,D000356-ZZ-AVG,D000356,화양적,전.적 및 부침류,적류
195,D000357-ZZ-AVG,D000357,가자미조림,조림류,어패류조림
196,D000360-ZZ-AVG,D000360,고추조림,조림류,채소류조림
197,D000362-ZZ-AVG,D000362,동태조림,조림류,어패류조림
198,D000363-ZZ-AVG,D000363,돼지고기메추리알장조림,조림류,육류조림
199,D000366-ZZ-AVG,D000366,북어조림,조림류,어패류조림
200,D000367-ZZ-AVG,D000367,소고기메추리알장조림,조림류,육류조림
201,D000370-ZZ-AVG,D000370,조기조림,조림류,어패류조림
202,D000372-ZZ-AVG,D000372,게살죽,죽 및 스프류,죽류
203,D000373-ZZ-AVG,D000373,깨죽,죽 및 스프류,죽류
204,D000375-109-AVG,D000375,백합죽,죽 및 스프류,죽류
205,D000376-ZZ-AVG,D000376,소고기버섯죽,죽 및 스프류,죽류
206,D000377-110-AVG,D000377,어죽,죽 및 스프류,죽류
207,D000378-ZZ-AVG,D000378,잣죽,죽 및 스프류,죽류
208,D000380-ZZ-AVG,D000380,참치죽,죽 및 스프류,죽류
209,D000384-ZZ-AVG,D000384,고등어찌개,찌개 및 전골류,어패류찌개.전골
210,D000385-ZZ-AVG,D000385,김치찌개,찌개 및 전골류,채소류찌개.전골
211,D000386-ZZ-AVG,D000386,꽁치찌개,찌개 및 전골류,어패류찌개.전골
212,D000389-ZZ-AVG,D000389,두부전골,찌개 및 전골류,채소류찌개.전골
213,D000390-ZZ-AVG,D000390,버섯찌개,찌개 및 전골류,채소류찌개.전골
214,D000392-111-AVG,D000392,부대찌개,찌개 및 전골류,육류찌개.전골
215,D000393-ZZ-AVG,D000393,새우젓두부찌개,찌개 및 전골류,채소류찌개.전골
216,D000394-ZZ-AVG,D000394,소곱창전골,찌개 및 전골류,육류찌개.전골
217,D000399-ZZ-AVG,D000399,햄김치찌개,찌개 및 전골류,육류찌개.전골
218,D000400-ZZ-AVG,D000400,호박찌개,찌개 및 전골류,채소류찌개.전골
219,D000404-ZZ-AVG,D000404,대구찜,찜류,어패류찜
220,D000406-ZZ-AVG,D000406,동태찜,찜류,어패류찜
221,D000408-ZZ-AVG,D000408,돼지등갈비찜,찜류,육류찜
222,D000409-ZZ-AVG,D000409,돼지머리고기,찜류,육류찜
223,D000410-112-AVG,D000410,매운갈비찜,찜류,육류찜
224,D000414-ZZ-AVG,D000414,북어찜,찜류,어패류찜
225,D000415-100-AVG,D000415,붕어찜,찜류,어패류찜
226,D000416-ZZ-AVG,D000416,소갈비찜,찜류,육류찜
227,D000417-ZZ-AVG,D000417,순대,찜류,육류찜
228,D000418-ZZ-AVG,D000418,아구찜,찜류,어패류찜
230,D000420-113-AVG,D000420,안동찜닭,찜류,육류찜
231,D000422-ZZ-AVG,D000422,조기찜,찜류,어패류찜
232,D000424-ZZ-AVG,D000424,참꼬막,찜류,어패류찜
233,D000426-ZZ-AVG,D000426,해물찜,찜류,어패류찜
234,D000432-114-AVG,D000432,곰탕,국 및 탕류,육류국.탕
235,D000433-ZZ-AVG,D000433,광어매운탕,국 및 탕류,어패류국.탕
236,D000436-ZZ-AVG,D000436,낙지탕,국 및 탕류,어패류국.탕
237,D000440-ZZ-AVG,D000440,대구매운탕,국 및 탕류,어패류국.탕
238,D000441-ZZ-AVG,D000441,대구지리탕,국 및 탕류,어패류국.탕
239,D000443-ZZ-AVG,D000443,메기매운탕,국 및 탕류,어패류국.탕
240,D000444-ZZ-AVG,D000444,복지리탕,국 및 탕류,어패류국.탕
241,D000447-ZZ-AVG,D000447,소탕,국 및 탕류,육류국.탕
242,D000448-ZZ-AVG,D000448,아구탕,국 및 탕류,어패류국.탕
243,D000450-ZZ-AVG,D000450,어탕,국 및 탕류,어패류국.탕
244,D000451-ZZ-AVG,D000451,연포탕,국 및 탕류,어패류국.탕
245,D000453-ZZ-AVG,D000453,우럭매운탕,국 및 탕류,어패류국.탕
246,D000456-ZZ-AVG,D000456,전복탕,국 및 탕류,어패류국.탕
247,D000457-ZZ-AVG,D000457,조기매운탕,국 및 탕류,어패류국.탕
248,D000458-115-AVG,D000458,짱뚱어탕,국 및 탕류,어패류국.탕
249,D000460-116-AVG,D000460,추어탕,국 및 탕류,어패류국.탕
250,D000461-ZZ-AVG,D000461,해물탕,국 및 탕류,어패류국.탕
251,D000463-ZZ-AVG,D000463,고구마맛탕,튀김류,채소류튀김
252,D000464-ZZ-AVG,D000464,고구마튀김,튀김류,채소류튀김
253,D000465-ZZ-AVG,D000465,고추튀김,튀김류,채소류튀김
254,D000468-ZZ-AVG,D000468,닭튀김,튀김류,육류튀김
255,D000469-ZZ-AVG,D000469,등심돈가스,튀김류,육류튀김
256,D000470-112-AVG,D000470,모래집튀김,튀김류,육류튀김
257,D000471-ZZ-AVG,D000471,미꾸라지튀김,튀김류,어패류튀김
258,D000473-ZZ-AVG,D000473,생선까스,튀김류,어패류튀김
259,D000474-ZZ-AVG,D000474,안심돈가스,튀김류,육류튀김
260,D000475-ZZ-AVG,D000475,양념치킨,튀김류,치킨류
261,D000477-ZZ-AVG,D000477,쥐포튀김,튀김류,어패류튀김
262,D000479-ZZ-AVG,D000479,치즈돈가스,튀김류,육류튀김
263,D000480-ZZ-AVG,D000480,치킨까스,튀김류,치킨류
264,D000481-ZZ-AVG,D000481,대구포,포류,포류
265,D000483-ZZ-AVG,D000483,매작과,과자류,한과류
266,D000484-ZZ-AVG,D000484,산자,과자류,한과류
267,D000485-ZZ-AVG,D000485,송화다식,과자류,한과류
268,D000486-ZZ-AVG,D000486,약과,과자류,한과류
269,D000487-ZZ-AVG,D000487,유과,과자류,한과류
6759,D018000-ZZ-AVG,D018000,가래떡,곡류 및 서류,떡류
6760,D018001-ZZ-AVG,D018001,깨송편,곡류 및 서류,떡류
6761,D018002-ZZ-AVG,D018002,꿀떡,곡류 및 서류,떡류
6762,D018003-ZZ-AVG,D018003,모듬찰떡,곡류 및 서류,떡류
6763,D018004-ZZ-AVG,D018004,백설기,곡류 및 서류,떡류
6764,D018005-ZZ-AVG,D018005,쑥절편,곡류 및 서류,떡류
6765,D018006-ZZ-AVG,D018006,약식,곡류 및 서류,곡류 및 서류
6766,D018007-ZZ-AVG,D018007,인절미,곡류 및 서류,떡류
6767,D018008-ZZ-AVG,D018008,증편,곡류 및 서류,떡류
6768,D018009-ZZ-AVG,D018009,찐감자,찜류,채소류찜
6769,D018010-ZZ-AVG,D018010,찐고구마,찜류,채소류찜
6770,D018011-ZZ-AVG,D018011,찐옥수수,찜류,채소류찜
6771,D018012-ZZ-AVG,D018012,참깨경단,곡류 및 서류,떡류
6772,D018013-ZZ-AVG,D018013,팥시루떡,곡류 및 서류,떡류
6773,D018014-ZZ-AVG,D018014,팥찹쌀떡,곡류 및 서류,떡류
6774,D018015-ZZ-AVG,D018015,가자미구이,구이류,어패류구이
6775,D018016-ZZ-AVG,D018016,간장양념닭다리구이,구이류,육류구이
6776,D018017-ZZ-AVG,D018017,갈치구이,구이류,어패류구이
6777,D018018-ZZ-AVG,D018018,고등어구이,구이류,어패류구이
6778,D018019-ZZ-AVG,D018019,고등어석쇠구이,구이류,어패류구이
6779,D018020-ZZ-AVG,D018020,굴비구이,구이류,어패류구이
6780,D018021-ZZ-AVG,D018021,꽁치구이,구이류,어패류구이
6781,D018022-ZZ-AVG,D018022,닭고기대파꼬치구이,구이류,육류구이
6782,D018023-ZZ-AVG,D018023,닭구이,구이류,육류구이
6783,D018024-ZZ-AVG,D018024,닭발구이,구이류,육류구이
6784,D018025-ZZ-AVG,D018025,돼지갈비구이,구이류,육류구이
6785,D018026-ZZ-AVG,D018026,돼지고기산적,구이류,육류구이
6786,D018027-ZZ-AVG,D018027,돼지불고기,구이류,육류구이
6787,D018028-ZZ-AVG,D018028,등심스테이크,구이류,육류구이
6788,D018029-ZZ-AVG,D018029,런천미트구이,구이류,육류구이
6789,D018030-ZZ-AVG,D018030,뱅어포구이,구이류,어패류구이
6790,D018031-ZZ-AVG,D018031,버섯구이,구이류,채소류구이
6791,D018032-ZZ-AVG,D018032,삼겹살고추장구이,구이류,육류구이
6792,D018033-ZZ-AVG,D018033,삼겹살구이,구이류,육류구이
6793,D018034-ZZ-AVG,D018034,삼치구이,구이류,어패류구이
6794,D018035-ZZ-AVG,D018035,새송이버섯구이,구이류,채소류구이
6795,D018036-ZZ-AVG,D018036,새우구이,구이류,어패류구이
6796,D018037-ZZ-AVG,D018037,쇠갈비구이,구이류,육류구이
6797,D018038-ZZ-AVG,D018038,쇠곱창구이,구이류,육류구이
6798,D018039-ZZ-AVG,D018039,쇠불고기,구이류,육류구이
6799,D018040-ZZ-AVG,D018040,안심스테이크,구이류,육류구이
6800,D018041-ZZ-AVG,D018041,오리고기구이,구이류,육류구이
6801,D018042-ZZ-AVG,D018042,오리불고기,구이류,육류구이
6802,D018043-ZZ-AVG,D018043,장어고추장구이,구이류,육류구이
6803,D018044-ZZ-AVG,D018044,조기구이,구이류,어패류구이
6804,D018045-ZZ-AVG,D018045,조미김,구이류,어패류구이
6805,D018046-ZZ-AVG,D018046,쥐포구이,구이류,어패류구이
6806,D018047-ZZ-AVG,D018047,참치머리구이,구이류,어패류구이
6807,D018048-ZZ-AVG,D018048,치킨데리야끼,구이류,육류구이
6808,D018049-ZZ-AVG,D018049,키조개구이,구이류,어패류구이
6809,D018050-ZZ-AVG,D018050,표고버섯구이,구이류,채소류구이
6810,D018051-ZZ-AVG,D018051,함박스테이크,구이류,육류구이
6811,D018052-ZZ-AVG,D018052,햄구이,구이류,육류구이
6812,D018053-ZZ-AVG,D018053,갈비탕,국 및 탕류,육류국.탕
6813,D018054-ZZ-AVG,D018054,감자된장국,국 및 탕류,채소류국.탕
6814,D018055-ZZ-AVG,D018055,감잣국,국 및 탕류,채소류국.탕
6816,D018057-ZZ-AVG,D018057,굴무국,국 및 탕류,어패류국.탕
6817,D018058-ZZ-AVG,D018058,근대된장국,국 및 탕류,채소류국.탕
6818,D018059-ZZ-AVG,D018059,김치콩나물국,국 및 탕류,채소류국.탕
6819,D018060-ZZ-AVG,D018060,김칫국,국 및 탕류,채소류국.탕
6820,D018061-ZZ-AVG,D018061,꼬리곰탕,국 및 탕류,육류국.탕
6821,D018062-ZZ-AVG,D018062,냉이된장국,국 및 탕류,채소류국.탕
6822,D018063-ZZ-AVG,D018063,달걀국,국 및 탕류,기타 국류
6823,D018064-ZZ-AVG,D018064,닭개장,국 및 탕류,육류국.탕
6824,D018065-ZZ-AVG,D018065,닭곰탕,국 및 탕류,육류국.탕
6825,D018066-ZZ-AVG,D018066,대합미역국,국 및 탕류,어패류국.탕
6826,D018067-ZZ-AVG,D018067,도가니탕,국 및 탕류,육류국.탕
6827,D018068-ZZ-AVG,D018068,동태국,국 및 탕류,어패류국.탕
6828,D018069-ZZ-AVG,D018069,메밀묵국,국 및 탕류,기타 국류
6829,D018070-ZZ-AVG,D018070,무시래기된장국,국 및 탕류,채소류국.탕
6830,D018071-ZZ-AVG,D018071,미역국,국 및 탕류,어패류국.탕
6831,D018072-ZZ-AVG,D018072,미역냉국,국 및 탕류,냉국류
6832,D018073-ZZ-AVG,D018073,미역된장국,국 및 탕류,어패류국.탕
6833,D018074-ZZ-AVG,D018074,미역오이냉국,국 및 탕류,냉국류
6834,D018075-ZZ-AVG,D018075,배추된장국,국 및 탕류,채소류국.탕
6835,D018076-ZZ-AVG,D018076,북엇국,국 및 탕류,어패류국.탕
6836,D018077-ZZ-AVG,D018077,뼈해장국,국 및 탕류,육류국.탕
6837,D018078-ZZ-AVG,D018078,사골국,국 및 탕류,육류국.탕
6838,D018079-ZZ-AVG,D018079,삼계탕,국 및 탕류,육류국.탕
6839,D018080-ZZ-AVG,D018080,새우미역국,국 및 탕류,어패류국.탕
6840,D018081-ZZ-AVG,D018081,새우탕,국 및 탕류,어패류국.탕
6841,D018082-ZZ-AVG,D018082,선짓국(선지해장국),국 및 탕류,육류국.탕
6842,D018083-ZZ-AVG,D018083,설렁탕,국 및 탕류,육류국.탕
6843,D018084-ZZ-AVG,D018084,쇠고기무국,국 및 탕류,육류국.탕
6844,D018085-ZZ-AVG,D018085,쇠고기미역국,국 및 탕류,육류국.탕
6845,D018086-ZZ-AVG,D018086,쇠고기배춧국,국 및 탕류,육류국.탕
6846,D018087-ZZ-AVG,D018087,순댓국,국 및 탕류,육류국.탕
6847,D018088-ZZ-AVG,D018088,순두부달걀탕,국 및 탕류,기타 국류
6848,D018089-ZZ-AVG,D018089,시금치된장국,국 및 탕류,채소류국.탕
6849,D018090-ZZ-AVG,D018090,쑥된장국,국 및 탕류,채소류국.탕
6850,D018091-ZZ-AVG,D018091,아욱된장국,국 및 탕류,채소류국.탕
6851,D018092-ZZ-AVG,D018092,애호박된장국,국 및 탕류,채소류국.탕
6852,D018093-ZZ-AVG,D018093,어묵국,국 및 탕류,어패류국.탕
6853,D018094-ZZ-AVG,D018094,얼갈이배춧국,국 및 탕류,채소류국.탕
6854,D018095-ZZ-AVG,D018095,오이냉국,국 및 탕류,냉국류
6855,D018096-ZZ-AVG,D018096,오징어국,국 및 탕류,어패류국.탕
6856,D018097-ZZ-AVG,D018097,우거지곰탕,국 및 탕류,채소류국.탕
6857,D018098-ZZ-AVG,D018098,우거지된장국,국 및 탕류,채소류국.탕
6858,D018099-ZZ-AVG,D018099,육개장,국 및 탕류,육류국.탕
6859,D018100-ZZ-AVG,D018100,일본된장국,국 및 탕류,채소류국.탕
6860,D018101-ZZ-AVG,D018101,재첩국,국 및 탕류,어패류국.탕
6861,D018102-ZZ-AVG,D018102,조갯국,국 및 탕류,어패류국.탕
6862,D018103-ZZ-AVG,D018103,콩나물국,국 및 탕류,채소류국.탕
6863,D018104-ZZ-AVG,D018104,콩나물된장국,국 및 탕류,채소류국.탕
6864,D018105-ZZ-AVG,D018105,토란국,국 및 탕류,채소류국.탕
6865,D018106-ZZ-AVG,D018106,해물된장국,국 및 탕류,어패류국.탕
6866,D018107-ZZ-AVG,D018107,호박잎된장국,국 및 탕류,채소류국.탕
6867,D018108-ZZ-AVG,D018108,홍합무국,국 및 탕류,어패류국.탕
6868,D018109-ZZ-AVG,D018109,갓김치,김치류,김치
6869,D018110-ZZ-AVG,D018110,고들빼기김치,김치류,김치
6870,D018111-ZZ-AVG,D018111,깍두기,김치류,김치
6871,D018112-ZZ-AVG,D018112,깻잎김치,김치류,김치
6872,D018113-ZZ-AVG,D018113,나박김치,김치류,김치
6873,D018114-ZZ-AVG,D018114,돌나물물김치,김치류,김치
6874,D018115-ZZ-AVG,D018115,동치미,김치류,김치
6875,D018116-ZZ-AVG,D018116,배추김치,김치류,김치
6876,D018117-ZZ-AVG,D018117,백김치,김치류,김치
6877,D018118-ZZ-AVG,D018118,보쌈김치,김치류,김치
6878,D018119-ZZ-AVG,D018119,부추김치,김치류,김치
6879,D018120-ZZ-AVG,D018120,얼갈이배추김치,김치류,김치
6880,D018121-ZZ-AVG,D018121,열무김치,김치류,김치
6881,D018122-ZZ-AVG,D018122,오이김치,김치류,김치
6882,D018123-ZZ-AVG,D018123,오이소박이,김치류,김치
6883,D018124-ZZ-AVG,D018124,총각김치,김치류,김치
6884,D018125-ZZ-AVG,D018125,파김치,김치류,김치
6885,D018126-ZZ-AVG,D018126,가죽나물무침,생채및 무침류,나물.채소류무침
6886,D018127-ZZ-AVG,D018127,가지나물무침,숙채류,나물.숙채류
6887,D018128-ZZ-AVG,D018128,건취나물무침,숙채류,나물.숙채류
6888,D018129-ZZ-AVG,D018129,고구마줄기나물무침,숙채류,나물.숙채류
6889,D018130-ZZ-AVG,D018130,고사리나물무침,숙채류,나물.숙채류
6890,D018131-ZZ-AVG,D018131,고춧잎나물무침,숙채류,나물.숙채류
6891,D018132-ZZ-AVG,D018132,깻잎나물무침,숙채류,나물.숙채류
6892,D018133-ZZ-AVG,D018133,냉이나물무침,숙채류,나물.숙채류
6893,D018134-ZZ-AVG,D018134,도라지나물무침,숙채류,나물.숙채류
6894,D018135-ZZ-AVG,D018135,머위대나물무침,숙채류,나물.숙채류
6895,D018136-ZZ-AVG,D018136,무나물무침,숙채류,나물.숙채류
6896,D018137-ZZ-AVG,D018137,방풍나물무침,숙채류,나물.숙채류
6897,D018138-ZZ-AVG,D018138,배추나물무침,숙채류,나물.숙채류
6898,D018139-ZZ-AVG,D018139,비름나물무침,숙채류,나물.숙채류
6899,D018140-ZZ-AVG,D018140,숙주나물무침,숙채류,나물.숙채류
6900,D018141-ZZ-AVG,D018141,시금치나물무침,숙채류,나물.숙채류
6901,D018142-ZZ-AVG,D018142,시래기나물무침,숙채류,나물.숙채류
6902,D018143-ZZ-AVG,D018143,씀바귀나물무침,숙채류,나물.숙채류
6903,D018144-ZZ-AVG,D018144,애호박볶음,볶음류,채소류볶음
6904,D018145-ZZ-AVG,D018145,열무나물무침,숙채류,나물.숙채류
6905,D018146-ZZ-AVG,D018146,열무된장나물무침,숙채류,나물.숙채류
6906,D018147-ZZ-AVG,D018147,오이나물무침,숙채류,나물.숙채류
6907,D018148-ZZ-AVG,D018148,유채나물무침,생채및 무침류,나물.채소류무침
6908,D018149-ZZ-AVG,D018149,참나물무침,생채및 무침류,나물.채소류무침
6909,D018150-ZZ-AVG,D018150,취나물된장무침,생채및 무침류,나물.채소류무침
6910,D018151-ZZ-AVG,D018151,콩나물고춧가루무침,생채및 무침류,나물.채소류무침
6911,D018152-ZZ-AVG,D018152,콩나물무침,생채및 무침류,나물.채소류무침
6912,D018153-ZZ-AVG,D018153,토란대나물무침,숙채류,나물.숙채류
6913,D018154-ZZ-AVG,D018154,톳나물무침,생채및 무침류,어패류무침
6914,D018155-ZZ-AVG,D018155,간짜장,면 및 만두류,중식면류
6915,D018156-ZZ-AVG,D018156,고기만두,면 및 만두류,만두류
6916,D018157-ZZ-AVG,D018157,군만두,면 및 만두류,만두류
6917,D018158-ZZ-AVG,D018158,김치만두,면 및 만두류,만두류
6918,D018159-ZZ-AVG,D018159,달걀라면,면 및 만두류,라면류
6919,D018160-ZZ-AVG,D018160,떡국,국 및 탕류,기타 국류
6920,D018161-ZZ-AVG,D018161,떡라면,면 및 만두류,라면류
6921,D018162-ZZ-AVG,D018162,떡만두국,국 및 탕류,기타 국류
6922,D018163-ZZ-AVG,D018163,라면,면 및 만두류,라면류
6924,D018165-ZZ-AVG,D018165,만두,면 및 만두류,만두류
6925,D018166-ZZ-AVG,D018166,메밀국수,면 및 만두류,국수류
6926,D018167-ZZ-AVG,D018167,물냉면,면 및 만두류,국수류
6927,D018168-ZZ-AVG,D018168,물만두,면 및 만두류,만두류
6928,D018169-ZZ-AVG,D018169,미트볼 토마토 스파게티,면 및 만두류,스파게티류
6929,D018170-ZZ-AVG,D018170,바지락칼국수,면 및 만두류,국수류
6930,D018171-ZZ-AVG,D018171,볶음우동,면 및 만두류,국수류
6931,D018172-ZZ-AVG,D018172,비빔국수,면 및 만두류,국수류
6932,D018173-ZZ-AVG,D018173,비빔냉면,면 및 만두류,국수류
6933,D018174-ZZ-AVG,D018174,사골만두국,국 및 탕류,육류국.탕
6934,D018175-ZZ-AVG,D018175,수제비,면 및 만두류,기타 면류
6936,D018177-ZZ-AVG,D018177,월남쌈,기타,기타
6937,D018178-ZZ-AVG,D018178,잔치국수,면 및 만두류,국수류
6938,D018179-ZZ-AVG,D018179,쟁반국수,면 및 만두류,국수류
6939,D018180-ZZ-AVG,D018180,짜장면,면 및 만두류,중식면류
6940,D018181-ZZ-AVG,D018181,짬뽕,면 및 만두류,중식면류
6941,D018182-ZZ-AVG,D018182,쫄면,면 및 만두류,국수류
6942,D018183-ZZ-AVG,D018183,칼국수,면 및 만두류,국수류
6943,D018184-ZZ-AVG,D018184,콩국수,면 및 만두류,국수류
6944,D018185-ZZ-AVG,D018185,회냉면,면 및 만두류,국수류
6945,D018186-ZZ-AVG,D018186,검정콩밥,밥류,쌀밥.잡곡밥류
6946,D018187-ZZ-AVG,D018187,계란볶음밥,밥류,볶음밥류
6947,D018188-ZZ-AVG,D018188,고추김밥,밥류,김밥(초밥)류
6948,D018189-ZZ-AVG,D018189,기장밥,밥류,쌀밥.잡곡밥류
6949,D018190-ZZ-AVG,D018190,김밥,밥류,김밥(초밥)류
6950,D018191-ZZ-AVG,D018191,김치김밥,밥류,김밥(초밥)류
6951,D018192-ZZ-AVG,D018192,김치볶음밥,밥류,볶음밥류
6952,D018193-ZZ-AVG,D018193,낙지덮밥,밥류,덮밥류
6953,D018194-ZZ-AVG,D018194,날치알김밥,밥류,김밥(초밥)류
6954,D018195-ZZ-AVG,D018195,닭고기덮밥,밥류,덮밥류
6955,D018196-ZZ-AVG,D018196,돈까스김밥,밥류,김밥(초밥)류
6956,D018197-ZZ-AVG,D018197,돌솥비빔밥,밥류,비빔밥류
6957,D018198-ZZ-AVG,D018198,돼지머리국밥,밥류,기타 밥류
6958,D018199-ZZ-AVG,D018199,모듬회덮밥,밥류,덮밥류
6959,D018200-ZZ-AVG,D018200,무밥,밥류,기타 밥류
6960,D018201-ZZ-AVG,D018201,보리밥,밥류,쌀밥.잡곡밥류
6961,D018202-ZZ-AVG,D018202,볶음밥,밥류,볶음밥류
6962,D018203-ZZ-AVG,D018203,불고기덮밥,밥류,덮밥류
6964,D018205-ZZ-AVG,D018205,새우볶음밥,밥류,볶음밥류
6965,D018206-ZZ-AVG,D018206,생선모듬초밥,밥류,김밥(초밥)류
6966,D018207-ZZ-AVG,D018207,쇠머리국밥,밥류,기타 밥류
6967,D018208-ZZ-AVG,D018208,쇠고기김밥,밥류,김밥(초밥)류
6968,D018209-ZZ-AVG,D018209,쇠고기볶음밥,밥류,볶음밥류
6969,D018210-ZZ-AVG,D018210,쇠고기주먹밥,밥류,김밥(초밥)류
6970,D018211-ZZ-AVG,D018211,수수밥,밥류,쌀밥.잡곡밥류
6971,D018212-ZZ-AVG,D018212,순대국밥,밥류,기타 밥류
6972,D018213-ZZ-AVG,D018213,알밥,밥류,기타 밥류
6973,D018214-ZZ-AVG,D018214,영양돌솥밥,밥류,기타 밥류
6974,D018215-ZZ-AVG,D018215,오므라이스,밥류,볶음밥류
6975,D018216-ZZ-AVG,D018216,오징어덮밥,밥류,덮밥류
6976,D018217-ZZ-AVG,D018217,완두콩밥,밥류,쌀밥.잡곡밥류
6977,D018218-ZZ-AVG,D018218,유부초밥,밥류,김밥(초밥)류
6978,D018219-ZZ-AVG,D018219,육회비빔밥,밥류,비빔밥류
6979,D018220-ZZ-AVG,D018220,잡곡밥,밥류,쌀밥.잡곡밥류
6980,D018221-ZZ-AVG,D018221,잡채밥,밥류,덮밥류
6981,D018222-ZZ-AVG,D018222,제육덮밥,밥류,덮밥류
6982,D018223-ZZ-AVG,D018223,짜장밥,밥류,덮밥류
6983,D018224-ZZ-AVG,D018224,짬뽕밥,밥류,기타 밥류
6984,D018225-ZZ-AVG,D018225,차조밥,밥류,쌀밥.잡곡밥류
6985,D018226-ZZ-AVG,D018226,찰밥,밥류,쌀밥.잡곡밥류
6986,D018227-ZZ-AVG,D018227,참치김밥,밥류,김밥(초밥)류
6987,D018228-ZZ-AVG,D018228,참치마요삼각김밥,밥류,김밥(초밥)류
6988,D018229-ZZ-AVG,D018229,참치볶음밥,밥류,볶음밥류
6989,D018230-ZZ-AVG,D018230,채소김밥,밥류,김밥(초밥)류
6990,D018231-ZZ-AVG,D018231,채소볶음밥,밥류,볶음밥류
6991,D018232-ZZ-AVG,D018232,치즈김밥,밥류,김밥(초밥)류
6992,D018233-ZZ-AVG,D018233,카레라이스,밥류,덮밥류
6993,D018234-ZZ-AVG,D018234,콩나물국밥,밥류,기타 밥류
6994,D018235-ZZ-AVG,D018235,콩나물밥,밥류,기타 밥류
6995,D018236-ZZ-AVG,D018236,팥밥,밥류,쌀밥.잡곡밥류
6996,D018237-ZZ-AVG,D018237,표고버섯볶음밥,밥류,볶음밥류
6997,D018238-ZZ-AVG,D018238,하이라이스,밥류,덮밥류
6998,D018239-ZZ-AVG,D018239,현미밥,밥류,쌀밥.잡곡밥류
6999,D018240-ZZ-AVG,D018240,흑미밥,밥류,쌀밥.잡곡밥류
7000,D018241-ZZ-AVG,D018241,감자볶음,볶음류,채소류볶음
7001,D018242-ZZ-AVG,D018242,감자채소볶음,볶음류,채소류볶음
7002,D018243-ZZ-AVG,D018243,건새우볶음,볶음류,어패류볶음
7003,D018244-ZZ-AVG,D018244,고추볶음,볶음류,채소류볶음
7004,D018245-ZZ-AVG,D018245,김치볶음,볶음류,채소류볶음
7005,D018246-ZZ-AVG,D018246,꽈리고추멸치볶음,볶음류,어패류볶음
7006,D018247-ZZ-AVG,D018247,낙지볶음,볶음류,어패류볶음
7007,D018248-ZZ-AVG,D018248,느타리버섯볶음,볶음류,채소류볶음
7008,D018249-ZZ-AVG,D018249,닭가슴살피망볶음,볶음류,육류볶음
7009,D018250-ZZ-AVG,D018250,닭발볶음,볶음류,육류볶음
7010,D018251-ZZ-AVG,D018251,닭볶음,볶음류,육류볶음
7011,D018252-ZZ-AVG,D018252,당근볶음,볶음류,채소류볶음
7012,D018253-ZZ-AVG,D018253,돼지고기김치볶음,볶음류,육류볶음
7013,D018254-ZZ-AVG,D018254,돼지고기채소볶음,볶음류,육류볶음
7014,D018255-ZZ-AVG,D018255,돼지곱창순대볶음,볶음류,육류볶음
7015,D018256-ZZ-AVG,D018256,떡볶이,볶음류,떡볶이류
7016,D018257-ZZ-AVG,D018257,라볶이,볶음류,떡볶이류
7017,D018258-ZZ-AVG,D018258,마늘쫑볶음,볶음류,채소류볶음
7018,D018259-ZZ-AVG,D018259,마늘쫑잔멸치볶음,볶음류,어패류볶음
7019,D018260-ZZ-AVG,D018260,마파두부,볶음류,채소류볶음
7020,D018261-ZZ-AVG,D018261,멸치견과류볶음,볶음류,어패류볶음
7021,D018262-ZZ-AVG,D018262,멸치마늘쫑볶음,볶음류,어패류볶음
7022,D018263-ZZ-AVG,D018263,멸치볶음,볶음류,어패류볶음
7023,D018264-ZZ-AVG,D018264,묵은지삼겹살볶음,볶음류,육류볶음
7024,D018265-ZZ-AVG,D018265,문어고추장볶음,볶음류,어패류볶음
7025,D018266-ZZ-AVG,D018266,미역줄기볶음,볶음류,어패류볶음
7026,D018267-ZZ-AVG,D018267,브로콜리볶음,볶음류,채소류볶음
7027,D018268-ZZ-AVG,D018268,새송이버섯볶음,볶음류,채소류볶음
7028,D018269-ZZ-AVG,D018269,새우볶음,볶음류,어패류볶음
7029,D018270-ZZ-AVG,D018270,소시지볶음,볶음류,육류볶음
7030,D018271-ZZ-AVG,D018271,쇠고기고추장볶음,볶음류,육류볶음
7031,D018272-ZZ-AVG,D018272,쇠고기버섯볶음,볶음류,육류볶음
7032,D018273-ZZ-AVG,D018273,쇠고기볶음,볶음류,육류볶음
7033,D018274-ZZ-AVG,D018274,쇠고기채소볶음,볶음류,육류볶음
7034,D018275-ZZ-AVG,D018275,양파볶음,볶음류,채소류볶음
7035,D018276-ZZ-AVG,D018276,어묵볶음,볶음류,어패류볶음
7036,D018277-ZZ-AVG,D018277,어묵잡채,볶음류,어패류볶음
7037,D018278-ZZ-AVG,D018278,어묵채소볶음,볶음류,어패류볶음
7038,D018279-ZZ-AVG,D018279,오징어볶음,볶음류,어패류볶음
7039,D018280-ZZ-AVG,D018280,오징어채볶음,볶음류,어패류볶음
7040,D018281-ZZ-AVG,D018281,유산슬,볶음류,기타 볶음류
7041,D018282-ZZ-AVG,D018282,잔멸치견과류볶음,볶음류,어패류볶음
7042,D018283-ZZ-AVG,D018283,잔멸치고추볶음,볶음류,어패류볶음
7043,D018284-ZZ-AVG,D018284,잔멸치꽈리고추볶음,볶음류,어패류볶음
7044,D018285-ZZ-AVG,D018285,잔멸치볶음,볶음류,어패류볶음
7045,D018286-ZZ-AVG,D018286,잔멸치풋고추볶음,볶음류,어패류볶음
7046,D018287-ZZ-AVG,D018287,잡채,볶음류,기타 볶음류
7047,D018288-ZZ-AVG,D018288,제육볶음,볶음류,육류볶음
7048,D018289-ZZ-AVG,D018289,죽순쇠고기볶음,볶음류,육류볶음
7049,D018290-ZZ-AVG,D018290,참치 김치볶음,볶음류,어패류볶음
7050,D018291-ZZ-AVG,D018291,채소떡볶이,볶음류,떡볶이류
7051,D018292-ZZ-AVG,D018292,콩나물잡채,볶음류,채소류볶음
7052,D018293-ZZ-AVG,D018293,팔보채,볶음류,기타 볶음류
7054,D018295-ZZ-AVG,D018295,햄채소볶음,볶음류,육류볶음
7055,D018296-ZZ-AVG,D018296,BLT샌드위치,빵류,샌드위치류
7056,D018297-ZZ-AVG,D018297,감자크로켓,빵류,기타 빵류
7057,D018298-ZZ-AVG,D018298,꽈배기,빵류,기타 빵류
7058,D018299-ZZ-AVG,D018299,닭가슴살샌드위치,빵류,샌드위치류
7059,D018300-ZZ-AVG,D018300,도넛,빵류,도넛류
7060,D018301-ZZ-AVG,D018301,롤케이크,빵류,케이크류
7061,D018302-ZZ-AVG,D018302,링도넛,빵류,도넛류
7062,D018303-ZZ-AVG,D018303,마늘빵,빵류,기타 빵류
7063,D018304-ZZ-AVG,D018304,머핀,빵류,기타 빵류
7064,D018305-ZZ-AVG,D018305,모닝빵,빵류,식빵류
7065,D018306-ZZ-AVG,D018306,모카빵,빵류,기타 빵류
7066,D018307-ZZ-AVG,D018307,베이글,빵류,기타 빵류
7067,D018308-ZZ-AVG,D018308,불고기버거,빵류,버거류
7068,D018309-ZZ-AVG,D018309,사과파이,빵류,페이스트리류
7069,D018310-ZZ-AVG,D018310,생크림케이크,빵류,케이크류
7070,D018311-ZZ-AVG,D018311,소보로빵,빵류,기타 빵류
7071,D018312-ZZ-AVG,D018312,식빵,빵류,식빵류
7072,D018313-ZZ-AVG,D018313,식빵토스트,빵류,크림빵류
7073,D018314-ZZ-AVG,D018314,찐빵,빵류,앙금빵류
7074,D018315-ZZ-AVG,D018315,참치 샌드위치,빵류,샌드위치류
7075,D018316-ZZ-AVG,D018316,찹쌀도넛,빵류,도넛류
7076,D018317-ZZ-AVG,D018317,채소샌드위치,빵류,샌드위치류
7077,D018318-ZZ-AVG,D018318,초코 소라빵,빵류,기타 빵류
7078,D018319-ZZ-AVG,D018319,츄러스,빵류,기타 빵류
7079,D018320-ZZ-AVG,D018320,치킨버거,빵류,버거류
7080,D018321-ZZ-AVG,D018321,카스텔라,빵류,케이크류
7081,D018322-ZZ-AVG,D018322,콤비네이션피자,빵류,피자류
7082,D018323-ZZ-AVG,D018323,크로아상,빵류,페이스트리류
7083,D018324-ZZ-AVG,D018324,페이스트리,빵류,페이스트리류
7084,D018325-ZZ-AVG,D018325,피자빵,빵류,기타 빵류
7085,D018326-ZZ-AVG,D018326,햄버거,빵류,버거류
7086,D018327-ZZ-AVG,D018327,햄샌드위치,빵류,샌드위치류
7087,D018328-ZZ-AVG,D018328,햄치즈샌드위치,빵류,샌드위치류
7088,D018329-ZZ-AVG,D018329,호떡,빵류,기타 빵류
7089,D018330-ZZ-AVG,D018330,가오리회무침,생채및 무침류,어패류무침
7090,D018331-ZZ-AVG,D018331,감자샐러드,생채및 무침류,샐러드
7091,D018332-ZZ-AVG,D018332,골뱅이국수무침,생채및 무침류,어패류무침
7092,D018333-ZZ-AVG,D018333,과일샐러드,생채및 무침류,샐러드
7093,D018334-ZZ-AVG,D018334,굴무생채,생채및 무침류,어패류무침
7094,D018335-ZZ-AVG,D018335,굴무침,생채및 무침류,어패류무침
7095,D018336-ZZ-AVG,D018336,김무침,생채및 무침류,어패류무침
7096,D018337-ZZ-AVG,D018337,낙지무침,생채및 무침류,어패류무침
7097,D018338-ZZ-AVG,D018338,느타리버섯무침,생채및 무침류,나물.채소류무침
7098,D018339-ZZ-AVG,D018339,다시마무침,생채및 무침류,어패류무침
7099,D018340-ZZ-AVG,D018340,단호박샐러드,생채및 무침류,샐러드
7100,D018341-ZZ-AVG,D018341,달래무침,생채및 무침류,나물.채소류무침
7101,D018342-ZZ-AVG,D018342,닭가슴살샐러드,생채및 무침류,샐러드
7102,D018343-ZZ-AVG,D018343,닭고기냉채,생채및 무침류,기타 생채.무침류
7103,D018344-ZZ-AVG,D018344,도라지생채,생채및 무침류,나물.채소류무침
7104,D018345-ZZ-AVG,D018345,도라지오이생채,생채및 무침류,나물.채소류무침
7105,D018346-ZZ-AVG,D018346,도토리묵 무침,생채및 무침류,기타 생채.무침류
7106,D018347-ZZ-AVG,D018347,돌나물무침,생채및 무침류,나물.채소류무침
7107,D018348-ZZ-AVG,D018348,두릅초고추장무침,생채및 무침류,나물.채소류무침
7108,D018349-ZZ-AVG,D018349,마늘쫑무침,생채및 무침류,나물.채소류무침
7109,D018350-ZZ-AVG,D018350,무말랭이무침,생채및 무침류,나물.채소류무침
7110,D018351-ZZ-AVG,D018351,무생채,생채및 무침류,나물.채소류무침
7111,D018352-ZZ-AVG,D018352,미나리무침,생채및 무침류,나물.채소류무침
7112,D018353-ZZ-AVG,D018353,미역초무침,생채및 무침류,어패류무침
7113,D018354-ZZ-AVG,D018354,민들레잎무침,생채및 무침류,나물.채소류무침
7114,D018355-ZZ-AVG,D018355,배추겉절이,생채및 무침류,나물.채소류무침
7115,D018356-ZZ-AVG,D018356,부추무침,생채및 무침류,나물.채소류무침
7116,D018357-ZZ-AVG,D018357,북어채무침,생채및 무침류,어패류무침
7117,D018358-ZZ-AVG,D018358,상추겉절이,생채및 무침류,나물.채소류무침
7118,D018359-ZZ-AVG,D018359,새싹채소샐러드,생채및 무침류,샐러드
7119,D018360-ZZ-AVG,D018360,양배추샐러드,생채및 무침류,샐러드
7120,D018361-ZZ-AVG,D018361,양상추샐러드,생채및 무침류,샐러드
7121,D018362-ZZ-AVG,D018362,양장피,생채및 무침류,기타 생채.무침류
7122,D018363-ZZ-AVG,D018363,양파부추무침,생채및 무침류,나물.채소류무침
7123,D018364-ZZ-AVG,D018364,열무겉절이,생채및 무침류,나물.채소류무침
7124,D018365-ZZ-AVG,D018365,오이부추무침,생채및 무침류,나물.채소류무침
7125,D018366-ZZ-AVG,D018366,오이생채,생채및 무침류,나물.채소류무침
7126,D018367-ZZ-AVG,D018367,오이지무침,생채및 무침류,나물.채소류무침
7127,D018368-ZZ-AVG,D018368,오징어무침,생채및 무침류,어패류무침
7128,D018369-ZZ-AVG,D018369,오징어물회,생채및 무침류,어패류무침
7129,D018370-ZZ-AVG,D018370,오징어채무침,생채및 무침류,어패류무침
7130,D018371-ZZ-AVG,D018371,오징어채소무침,생채및 무침류,어패류무침
7131,D018372-ZZ-AVG,D018372,옥수수샐러드,생채및 무침류,샐러드
7132,D018373-ZZ-AVG,D018373,참치샐러드,생채및 무침류,샐러드
7133,D018374-ZZ-AVG,D018374,채소샐러드,생채및 무침류,샐러드
7134,D018375-ZZ-AVG,D018375,치커리겉절이,생채및 무침류,나물.채소류무침
7135,D018376-ZZ-AVG,D018376,파래무침,생채및 무침류,어패류무침
7136,D018377-ZZ-AVG,D018377,파무침,생채및 무침류,나물.채소류무침
7137,D018378-ZZ-AVG,D018378,풋고추된장무침,생채및 무침류,나물.채소류무침
7138,D018379-ZZ-AVG,D018379,풋마늘무침,생채및 무침류,나물.채소류무침
7139,D018380-ZZ-AVG,D018380,피조개무침,생채및 무침류,어패류무침
7140,D018381-ZZ-AVG,D018381,해초무침,생채및 무침류,어패류무침
7141,D018382-ZZ-AVG,D018382,호박오가리나물무침,생채및 무침류,나물.채소류무침
7142,D018383-ZZ-AVG,D018383,회무침,생채및 무침류,어패류무침
7143,D018384-ZZ-AVG,D018384,육회,회류,회류
7144,D018385-ZZ-AVG,D018385,팥빙수,아이스크림류,빙수류
7145,D018386-ZZ-AVG,D018386,미숫가루,음료 및 차류,기타 음료류
7146,D018387-ZZ-AVG,D018387,고추장아찌,장아찌 및 절임류,장아찌.절임류
7147,D018388-ZZ-AVG,D018388,깻잎장아찌,장아찌 및 절임류,장아찌.절임류
7148,D018389-ZZ-AVG,D018389,단무지,장아찌 및 절임류,장아찌.절임류
7149,D018390-ZZ-AVG,D018390,더덕장아찌,장아찌 및 절임류,장아찌.절임류
7150,D018391-ZZ-AVG,D018391,마늘장아찌,장아찌 및 절임류,장아찌.절임류
7151,D018392-ZZ-AVG,D018392,무짠지,장아찌 및 절임류,장아찌.절임류
7152,D018393-ZZ-AVG,D018393,양파장아찌,장아찌 및 절임류,장아찌.절임류
7153,D018394-ZZ-AVG,D018394,오이장아찌,장아찌 및 절임류,장아찌.절임류
7154,D018395-ZZ-AVG,D018395,오이지,장아찌 및 절임류,장아찌.절임류
7155,D018396-ZZ-AVG,D018396,일본매실장아찌,장아찌 및 절임류,장아찌.절임류
7156,D018397-ZZ-AVG,D018397,치킨무,장아찌 및 절임류,장아찌.절임류
7157,D018398-ZZ-AVG,D018398,가지전,전.적 및 부침류,채소류전
7158,D018399-ZZ-AVG,D018399,감자전,전.적 및 부침류,채소류전
7159,D018400-ZZ-AVG,D018400,고구마전,전.적 및 부침류,채소류전
7160,D018401-ZZ-AVG,D018401,김치전,전.적 및 부침류,채소류전
7161,D018402-ZZ-AVG,D018402,달걀말이,전.적 및 부침류,기타 전.적
7162,D018403-ZZ-AVG,D018403,달걀프라이,전.적 및 부침류,기타 전.적
7163,D018404-ZZ-AVG,D018404,돼지고기완자전,전.적 및 부침류,육류전
7164,D018405-ZZ-AVG,D018405,두부부침,전.적 및 부침류,채소류전
7165,D018406-ZZ-AVG,D018406,떡갈비,전.적 및 부침류,육류전
7166,D018407-ZZ-AVG,D018407,맛살전,전.적 및 부침류,기타 전.적
7167,D018408-ZZ-AVG,D018408,메밀전,전.적 및 부침류,기타 전.적
7168,D018409-ZZ-AVG,D018409,부추전,전.적 및 부침류,채소류전
7169,D018410-ZZ-AVG,D018410,쇠고기완자전,전.적 및 부침류,육류전
7170,D018411-ZZ-AVG,D018411,스크램블드에그,전.적 및 부침류,기타 전.적
7171,D018412-ZZ-AVG,D018412,애호박전,전.적 및 부침류,채소류전
7172,D018413-ZZ-AVG,D018413,참치완자전,전.적 및 부침류,어패류전
7173,D018414-ZZ-AVG,D018414,채소전,전.적 및 부침류,채소류전
7174,D018415-ZZ-AVG,D018415,표고버섯전,전.적 및 부침류,채소류전
7175,D018416-ZZ-AVG,D018416,해물완자전,전.적 및 부침류,어패류전
7176,D018417-ZZ-AVG,D018417,해물파전,전.적 및 부침류,어패류전
7177,D018418-ZZ-AVG,D018418,햄달걀부침,전.적 및 부침류,육류전
7178,D018419-ZZ-AVG,D018419,가자미식해,젓갈류,젓갈류
7179,D018420-ZZ-AVG,D018420,간장게장,젓갈류,젓갈류
7180,D018421-ZZ-AVG,D018421,양념갈치젓,젓갈류,젓갈류
7181,D018422-ZZ-AVG,D018422,양념게장,젓갈류,젓갈류
7182,D018423-ZZ-AVG,D018423,양념멸치젓,젓갈류,젓갈류
7183,D018424-ZZ-AVG,D018424,양념새우젓,젓갈류,젓갈류
7184,D018425-ZZ-AVG,D018425,오징어젓,젓갈류,젓갈류
7185,D018426-ZZ-AVG,D018426,갈치조림,조림류,어패류조림
7186,D018427-ZZ-AVG,D018427,감자조림,조림류,채소류조림
7187,D018428-ZZ-AVG,D018428,건갈치조림,조림류,어패류조림
7188,D018429-ZZ-AVG,D018429,고등어조림,조림류,어패류조림
7189,D018430-ZZ-AVG,D018430,꽁치조림,조림류,어패류조림
7190,D018431-ZZ-AVG,D018431,달걀장조림,조림류,기타 조림류
7191,D018432-ZZ-AVG,D018432,닭고추장조림,조림류,육류조림
7192,D018433-ZZ-AVG,D018433,닭조림,조림류,육류조림
7193,D018434-ZZ-AVG,D018434,돼지고기 메추리알 장조림,조림류,육류조림
7194,D018435-ZZ-AVG,D018435,돼지고기장조림,조림류,육류조림
7195,D018436-ZZ-AVG,D018436,두부조림,조림류,기타 조림류
7196,D018437-ZZ-AVG,D018437,땅콩조림,조림류,기타 조림류
7197,D018438-ZZ-AVG,D018438,마늘쫑조림,조림류,채소류조림
7198,D018439-ZZ-AVG,D018439,메추리알 장조림,조림류,기타 조림류
7199,D018440-ZZ-AVG,D018440,멸치조림,조림류,어패류조림
7200,D018441-ZZ-AVG,D018441,무조림,조림류,채소류조림
7201,D018442-ZZ-AVG,D018442,미트볼조림,조림류,육류조림
7202,D018443-ZZ-AVG,D018443,버섯조림,조림류,채소류조림
7203,D018444-ZZ-AVG,D018444,병어조림,조림류,어패류조림
7204,D018445-ZZ-AVG,D018445,삼치조림,조림류,어패류조림
7205,D018446-ZZ-AVG,D018446,쇠고기 메추리알 장조림,조림류,육류조림
7206,D018447-ZZ-AVG,D018447,쇠고기장조림,조림류,육류조림
7207,D018448-ZZ-AVG,D018448,양미리조림,조림류,어패류조림
7208,D018449-ZZ-AVG,D018449,어묵조림,조림류,어패류조림
7209,D018450-ZZ-AVG,D018450,연근조림,조림류,채소류조림
7210,D018451-ZZ-AVG,D018451,오징어조림,조림류,어패류조림
7211,D018452-ZZ-AVG,D018452,오징어채조림,조림류,어패류조림
7212,D018453-ZZ-AVG,D018453,우엉조림,조림류,채소류조림
7213,D018454-ZZ-AVG,D018454,쥐포조림,조림류,어패류조림
7214,D018455-ZZ-AVG,D018455,코다리조림,조림류,어패류조림
7215,D018456-ZZ-AVG,D018456,콩조림,조림류,기타 조림류
7216,D018457-ZZ-AVG,D018457,닭죽,죽 및 스프류,죽류
7217,D018458-ZZ-AVG,D018458,쇠고기죽,죽 및 스프류,죽류
7218,D018459-ZZ-AVG,D018459,양송이스프,죽 및 스프류,스프류
7219,D018460-ZZ-AVG,D018460,오리고기죽,죽 및 스프류,죽류
7220,D018461-ZZ-AVG,D018461,전복죽,죽 및 스프류,죽류
7221,D018462-ZZ-AVG,D018462,채소죽,죽 및 스프류,죽류
7222,D018463-ZZ-AVG,D018463,팥죽,죽 및 스프류,죽류
7223,D018464-ZZ-AVG,D018464,호박죽,죽 및 스프류,죽류
7224,D018465-ZZ-AVG,D018465,흑임자죽,죽 및 스프류,죽류
7225,D018466-ZZ-AVG,D018466,갈치찌개,찌개 및 전골류,어패류찌개.전골
7226,D018467-ZZ-AVG,D018467,감자탕,찌개 및 전골류,육류찌개.전골
7227,D018468-ZZ-AVG,D018468,김치전골,찌개 및 전골류,채소류찌개.전골
7228,D018469-ZZ-AVG,D018469,꽁치김치찌개,찌개 및 전골류,어패류찌개.전골
7229,D018470-ZZ-AVG,D018470,꽃게탕,찌개 및 전골류,어패류찌개.전골
7230,D018471-ZZ-AVG,D018471,낙지전골,찌개 및 전골류,어패류찌개.전골
7231,D018472-ZZ-AVG,D018472,내장탕,찌개 및 전골류,육류찌개.전골
7232,D018473-ZZ-AVG,D018473,냉이된장찌개,찌개 및 전골류,채소류찌개.전골
7233,D018474-ZZ-AVG,D018474,달래된장찌개,찌개 및 전골류,채소류찌개.전골
7234,D018475-ZZ-AVG,D018475,닭볶음탕,찌개 및 전골류,육류찌개.전골
7235,D018476-ZZ-AVG,D018476,대구 매운탕,찌개 및 전골류,어패류찌개.전골
7236,D018477-ZZ-AVG,D018477,동태찌개,찌개 및 전골류,어패류찌개.전골
7237,D018478-ZZ-AVG,D018478,돼지고기김치찌개,찌개 및 전골류,육류찌개.전골
7238,D018479-ZZ-AVG,D018479,돼지고기찌개,찌개 및 전골류,육류찌개.전골
7239,D018480-ZZ-AVG,D018480,된장찌개,찌개 및 전골류,채소류찌개.전골
7240,D018481-ZZ-AVG,D018481,두부고추장찌개,찌개 및 전골류,채소류찌개.전골
7241,D018482-ZZ-AVG,D018482,두부된장찌개,찌개 및 전골류,채소류찌개.전골
7242,D018483-ZZ-AVG,D018483,두부쇠고기고추장찌개,찌개 및 전골류,육류찌개.전골
7243,D018484-ZZ-AVG,D018484,두부애호박된장찌개,찌개 및 전골류,채소류찌개.전골
7244,D018485-ZZ-AVG,D018485,버섯샤브샤브,찌개 및 전골류,채소류찌개.전골
7245,D018486-ZZ-AVG,D018486,버섯전골,찌개 및 전골류,채소류찌개.전골
7247,D018488-ZZ-AVG,D018488,쇠고기 샤브샤브,찌개 및 전골류,육류찌개.전골
7248,D018489-ZZ-AVG,D018489,쇠고기된장찌개,찌개 및 전골류,육류찌개.전골
7249,D018490-ZZ-AVG,D018490,쇠고기전골,찌개 및 전골류,육류찌개.전골
7250,D018491-ZZ-AVG,D018491,순두부김치찌개,찌개 및 전골류,채소류찌개.전골
7251,D018492-ZZ-AVG,D018492,순두부찌개,찌개 및 전골류,채소류찌개.전골
7252,D018493-ZZ-AVG,D018493,알탕,찌개 및 전골류,어패류찌개.전골
7253,D018494-ZZ-AVG,D018494,어묵김치찌개,찌개 및 전골류,어패류찌개.전골
7254,D018495-ZZ-AVG,D018495,오리백숙,찌개 및 전골류,육류찌개.전골
7255,D018496-ZZ-AVG,D018496,오리탕,찌개 및 전골류,육류찌개.전골
7256,D018497-ZZ-AVG,D018497,오징어찌개,찌개 및 전골류,어패류찌개.전골
7257,D018498-ZZ-AVG,D018498,장어탕,찌개 및 전골류,어패류찌개.전골
7258,D018499-ZZ-AVG,D018499,조개된장찌개,찌개 및 전골류,어패류찌개.전골
7259,D018500-ZZ-AVG,D018500,참치김치찌개,찌개 및 전골류,어패류찌개.전골
7260,D018501-ZZ-AVG,D018501,청국장찌개,찌개 및 전골류,채소류찌개.전골
7262,D018503-ZZ-AVG,D018503,콩나물된장찌개,찌개 및 전골류,채소류찌개.전골
7263,D018504-ZZ-AVG,D018504,콩비지찌개,찌개 및 전골류,채소류찌개.전골
7264,D018505-ZZ-AVG,D018505,해물매운탕,찌개 및 전골류,어패류찌개.전골
7265,D018506-ZZ-AVG,D018506,햄 김치찌개,찌개 및 전골류,육류찌개.전골
7266,D018507-ZZ-AVG,D018507,호박고추장찌개,찌개 및 전골류,채소류찌개.전골
7267,D018508-ZZ-AVG,D018508,가오리찜,찜류,어패류찜
7268,D018509-ZZ-AVG,D018509,깻잎찜,찜류,채소류찜
7269,D018510-ZZ-AVG,D018510,꼬막찜,찜류,어패류찜
7270,D018511-ZZ-AVG,D018511,꽈리고추찜,찜류,채소류찜
7271,D018512-ZZ-AVG,D018512,달걀찜(우유),찜류,기타 찜류
7272,D018513-ZZ-AVG,D018513,달걀찜(새우젓),찜류,기타 찜류
7273,D018514-ZZ-AVG,D018514,닭찜,찜류,육류찜
7274,D018515-ZZ-AVG,D018515,돼지갈비찜,찜류,육류찜
7275,D018516-ZZ-AVG,D018516,돼지고기 수육,찜류,육류찜
7276,D018517-ZZ-AVG,D018517,쇠갈비찜,찜류,육류찜
7277,D018518-ZZ-AVG,D018518,쇠고기사태찜,찜류,육류찜
7278,D018519-ZZ-AVG,D018519,쇠고기수육,찜류,육류찜
7280,D018521-ZZ-AVG,D018521,아귀찜,찜류,어패류찜
7281,D018522-ZZ-AVG,D018522,애호박찜,찜류,채소류찜
7282,D018523-ZZ-AVG,D018523,족발,찜류,육류찜
7283,D018524-ZZ-AVG,D018524,코다리찜,찜류,어패류찜
7284,D018525-ZZ-AVG,D018525,풋고추찜,찜류,채소류찜
7285,D018526-ZZ-AVG,D018526,해물콩나물찜,찜류,어패류찜
7286,D018527-ZZ-AVG,D018527,간장양념닭다리튀김,튀김류,육류튀김
7287,D018528-ZZ-AVG,D018528,간장양념치킨,튀김류,치킨류
7288,D018529-ZZ-AVG,D018529,감자튀김,튀김류,채소류튀김
7289,D018530-ZZ-AVG,D018530,고등어튀김,튀김류,어패류튀김
7290,D018531-ZZ-AVG,D018531,김말이튀김,튀김류,기타 튀김류
7291,D018532-ZZ-AVG,D018532,김튀김,튀김류,기타 튀김류
7292,D018533-ZZ-AVG,D018533,깐풍기,튀김류,육류튀김
7293,D018534-ZZ-AVG,D018534,다시마튀각,튀김류,어패류튀김
7294,D018535-ZZ-AVG,D018535,닭강정,튀김류,육류튀김
7295,D018536-ZZ-AVG,D018536,닭날개튀김,튀김류,육류튀김
7296,D018537-ZZ-AVG,D018537,등심돈까스,튀김류,육류튀김
7297,D018538-ZZ-AVG,D018538,떡강정,튀김류,기타 튀김류
7298,D018539-ZZ-AVG,D018539,미역튀각,튀김류,어패류튀김
7299,D018540-ZZ-AVG,D018540,새우탕수육,튀김류,어패류튀김
7300,D018541-ZZ-AVG,D018541,새우튀김,튀김류,어패류튀김
7301,D018542-ZZ-AVG,D018542,소시지튀김,튀김류,육류튀김
7302,D018543-ZZ-AVG,D018543,오징어튀김,튀김류,어패류튀김
7303,D018544-ZZ-AVG,D018544,채소튀김,튀김류,채소류튀김
7304,D018545-ZZ-AVG,D018545,치킨너겟,튀김류,치킨류
7305,D018546-ZZ-AVG,D018546,탕수육,튀김류,육류튀김
7306,D018547-ZZ-AVG,D018547,후라이드치킨,튀김류,치킨류
